date,channel,spend,impressions,clicks,conversions,conversion_value
2026-09-24,google,326.32,17255,791,14.3,561.21
2026-09-25,google,302.64,12172,551,15.1,586.67
2026-09-26,google,322.45,15093,530,14.9,540.11
2026-09-27,google,316.46,17349,831,15.0,511.02
2026-09-28,google,323.75,17769,868,10.8,427.14
2026-09-29,google,336.91,16008,690,13.4,529.59
2026-09-30,google,332.29,14259,592,8.6,328.64
2026-10-01,google,317.18,12613,541,11.7,432.73
2026-10-02,google,304.96,13707,542,8.4,303.29
2026-10-03,google,308.98,15296,622,12.1,478.28
2026-10-04,google,335.81,14367,530,11.7,418.53
2026-10-05,google,324.15,12950,532,16.1,595.52
2026-10-06,google,312.96,14983,669,10.9,398.45
2026-10-07,google,321.66,15752,671,15.4,571.0
