date,order_id,revenue,is_new_customer,discount,shipping_charged,shipping_cost,product_cost,bonus_product_cost,refund,utm_source,bundle
2026-09-24,ES-100001,36.0,true,0.0,4.95,5.4,10.5,0.0,0.0,google,3-pack
2026-09-24,ES-100002,14.0,true,0.0,4.95,5.4,4.2,0.0,14.0,facebook,single pair
2026-09-24,ES-100003,30.6,true,5.4,4.95,5.4,10.5,0.0,0.0,,3-pack
2026-09-24,ES-100004,40.8,true,7.2,0.0,5.4,13.0,0.0,0.0,ig,gift box
2026-09-24,ES-100005,11.9,true,2.1,4.95,5.4,4.2,0.0,0.0,google,single pair
2026-09-24,ES-100006,30.6,true,5.4,4.95,5.4,10.5,0.0,0.0,google,3-pack
2026-09-24,ES-100007,36.0,false,0.0,4.95,5.4,10.5,0.0,0.0,ig,3-pack
2026-09-24,ES-100008,55.25,true,9.75,0.0,5.4,19.0,2.1,0.0,tiktok,6-pack
2026-09-24,ES-100009,14.0,false,0.0,4.95,5.4,4.2,0.0,0.0,google,single pair
2026-09-24,ES-100010,14.0,false,0.0,4.95,5.4,4.2,0.0,0.0,ig,single pair
2026-09-24,ES-100011,36.0,false,0.0,4.95,5.4,10.5,0.0,0.0,,3-pack
2026-09-24,ES-100012,14.0,false,0.0,4.95,5.4,4.2,0.0,0.0,facebook,single pair
2026-09-24,ES-100013,14.0,true,0.0,4.95,5.4,4.2,0.0,0.0,facebook,single pair
2026-09-24,ES-100014,30.6,true,5.4,4.95,5.4,10.5,0.0,0.0,ig,3-pack
2026-09-24,ES-100015,40.8,true,7.2,0.0,5.4,13.0,0.0,0.0,facebook,gift box
2026-09-24,ES-100016,11.9,true,2.1,4.95,5.4,4.2,0.0,0.0,google,single pair
2026-09-24,ES-100017,65.0,false,0.0,0.0,5.4,19.0,0.0,0.0,,6-pack
2026-09-24,ES-100018,14.0,false,0.0,4.95,5.4,4.2,0.0,0.0,,single pair
2026-09-24,ES-100019,14.0,true,0.0,4.95,5.4,4.2,0.0,0.0,facebook,single pair
2026-09-24,ES-100020,14.0,true,0.0,4.95,5.4,4.2,0.0,0.0,google,single pair
2026-09-24,ES-100021,36.0,true,0.0,4.95,5.4,10.5,0.0,0.0,facebook,3-pack
2026-09-24,ES-100022,30.6,true,5.4,4.95,5.4,10.5,0.0,0.0,,3-pack
2026-09-24,ES-100023,48.0,true,0.0,0.0,5.4,13.0,0.0,0.0,ig,gift box
2026-09-24,ES-100024,30.6,true,5.4,4.95,5.4,10.5,0.0,0.0,google,3-pack
2026-09-24,ES-100025,55.25,true,9.75,0.0,5.4,19.0,2.1,55.25,newsletter,6-pack
2026-09-24,ES-100026,40.8,true,7.2,0.0,5.4,13.0,0.0,0.0,newsletter,gift box
2026-09-24,ES-100027,55.25,true,9.75,0.0,5.4,19.0,2.1,0.0,google,6-pack
2026-09-24,ES-100028,14.0,false,0.0,4.95,5.4,4.2,0.0,0.0,,single pair
2026-09-24,ES-100029,55.25,true,9.75,0.0,5.4,19.0,2.1,0.0,newsletter,6-pack
2026-09-24,ES-100030,36.0,false,0.0,4.95,5.4,10.5,0.0,0.0,tiktok,3-pack
2026-09-24,ES-100031,55.25,true,9.75,0.0,5.4,19.0,2.1,0.0,facebook,6-pack
2026-09-24,ES-100032,40.8,true,7.2,0.0,5.4,13.0,0.0,0.0,ig,gift box
2026-09-24,ES-100033,14.0,false,0.0,4.95,5.4,4.2,0.0,14.0,ig,single pair
2026-09-24,ES-100034,36.0,false,0.0,4.95,5.4,10.5,0.0,0.0,,3-pack
2026-09-24,ES-100035,55.25,true,9.75,0.0,5.4,19.0,2.1,0.0,google,6-pack
2026-09-24,ES-100036,30.6,true,5.4,4.95,5.4,10.5,0.0,0.0,google,3-pack
2026-09-24,ES-100037,65.0,true,0.0,0.0,5.4,19.0,2.1,0.0,google,6-pack
2026-09-24,ES-100038,30.6,true,5.4,4.95,5.4,10.5,0.0,0.0,facebook,3-pack
2026-09-24,ES-100039,11.9,true,2.1,4.95,5.4,4.2,0.0,0.0,newsletter,single pair
2026-09-25,ES-100040,30.6,true,5.4,4.95,5.4,10.5,0.0,30.6,,3-pack
2026-09-25,ES-100041,14.0,true,0.0,4.95,5.4,4.2,0.0,0.0,google,single pair
2026-09-25,ES-100042,14.0,false,0.0,4.95,5.4,4.2,0.0,0.0,ig,single pair
2026-09-25,ES-100043,11.9,true,2.1,4.95,5.4,4.2,0.0,0.0,google,single pair
2026-09-25,ES-100044,36.0,false,0.0,4.95,5.4,10.5,0.0,0.0,,3-pack
2026-09-25,ES-100045,14.0,false,0.0,4.95,5.4,4.2,0.0,0.0,google,single pair
2026-09-25,ES-100046,30.6,true,5.4,4.95,5.4,10.5,0.0,0.0,facebook,3-pack
2026-09-25,ES-100047,30.6,true,5.4,4.95,5.4,10.5,0.0,0.0,,3-pack
2026-09-25,ES-100048,65.0,false,0.0,0.0,5.4,19.0,0.0,0.0,newsletter,6-pack
2026-09-25,ES-100049,36.0,false,0.0,4.95,5.4,10.5,0.0,0.0,ig,3-pack
2026-09-25,ES-100050,36.0,false,0.0,4.95,5.4,10.5,0.0,0.0,google,3-pack
2026-09-25,ES-100051,65.0,false,0.0,0.0,5.4,19.0,0.0,0.0,newsletter,6-pack
2026-09-25,ES-100052,14.0,false,0.0,4.95,5.4,4.2,0.0,0.0,,single pair
2026-09-25,ES-100053,11.9,true,2.1,4.95,5.4,4.2,0.0,0.0,facebook,single pair
2026-09-25,ES-100054,30.6,true,5.4,4.95,5.4,10.5,0.0,0.0,google,3-pack
2026-09-25,ES-100055,11.9,true,2.1,4.95,5.4,4.2,0.0,0.0,ig,single pair
2026-09-25,ES-100056,36.0,false,0.0,4.95,5.4,10.5,0.0,0.0,ig,3-pack
2026-09-25,ES-100057,30.6,true,5.4,4.95,5.4,10.5,0.0,0.0,facebook,3-pack
2026-09-25,ES-100058,48.0,false,0.0,0.0,5.4,13.0,0.0,0.0,facebook,gift box
2026-09-25,ES-100059,48.0,true,0.0,0.0,5.4,13.0,0.0,0.0,facebook,gift box
2026-09-25,ES-100060,36.0,true,0.0,4.95,5.4,10.5,0.0,0.0,facebook,3-pack
2026-09-25,ES-100061,48.0,false,0.0,0.0,5.4,13.0,0.0,0.0,google,gift box
2026-09-25,ES-100062,36.0,false,0.0,4.95,5.4,10.5,0.0,0.0,newsletter,3-pack
2026-09-25,ES-100063,11.9,true,2.1,4.95,5.4,4.2,0.0,0.0,facebook,single pair
2026-09-25,ES-100064,30.6,true,5.4,4.95,5.4,10.5,0.0,0.0,,3-pack
2026-09-25,ES-100065,14.0,true,0.0,4.95,5.4,4.2,0.0,0.0,google,single pair
2026-09-25,ES-100066,30.6,true,5.4,4.95,5.4,10.5,0.0,0.0,google,3-pack
2026-09-25,ES-100067,65.0,true,0.0,0.0,5.4,19.0,2.1,0.0,newsletter,6-pack
2026-09-25,ES-100068,65.0,true,0.0,0.0,5.4,19.0,2.1,0.0,ig,6-pack
2026-09-25,ES-100069,36.0,false,0.0,4.95,5.4,10.5,0.0,0.0,google,3-pack
2026-09-25,ES-100070,11.9,true,2.1,4.95,5.4,4.2,0.0,0.0,google,single pair
2026-09-25,ES-100071,48.0,false,0.0,0.0,5.4,13.0,0.0,0.0,facebook,gift box
2026-09-25,ES-100072,36.0,true,0.0,4.95,5.4,10.5,0.0,0.0,tiktok,3-pack
2026-09-25,ES-100073,14.0,false,0.0,4.95,5.4,4.2,0.0,0.0,google,single pair
2026-09-25,ES-100074,14.0,true,0.0,4.95,5.4,4.2,0.0,0.0,facebook,single pair
2026-09-25,ES-100075,30.6,true,5.4,4.95,5.4,10.5,0.0,0.0,newsletter,3-pack
2026-09-26,ES-100076,65.0,false,0.0,0.0,5.4,19.0,0.0,0.0,google,6-pack
2026-09-26,ES-100077,14.0,true,0.0,4.95,5.4,4.2,0.0,0.0,facebook,single pair
2026-09-26,ES-100078,14.0,false,0.0,4.95,5.4,4.2,0.0,0.0,facebook,single pair
2026-09-26,ES-100079,14.0,true,0.0,4.95,5.4,4.2,0.0,0.0,ig,single pair
2026-09-26,ES-100080,36.0,true,0.0,4.95,5.4,10.5,0.0,0.0,google,3-pack
2026-09-26,ES-100081,36.0,false,0.0,4.95,5.4,10.5,0.0,0.0,ig,3-pack
2026-09-26,ES-100082,65.0,true,0.0,0.0,5.4,19.0,2.1,0.0,google,6-pack
2026-09-26,ES-100083,30.6,true,5.4,4.95,5.4,10.5,0.0,0.0,ig,3-pack
2026-09-26,ES-100084,65.0,true,0.0,0.0,5.4,19.0,2.1,0.0,,6-pack
2026-09-26,ES-100085,65.0,true,0.0,0.0,5.4,19.0,2.1,0.0,facebook,6-pack
2026-09-26,ES-100086,48.0,false,0.0,0.0,5.4,13.0,0.0,0.0,tiktok,gift box
2026-09-26,ES-100087,30.6,true,5.4,4.95,5.4,10.5,0.0,0.0,google,3-pack
2026-09-26,ES-100088,11.9,true,2.1,4.95,5.4,4.2,0.0,0.0,facebook,single pair
2026-09-26,ES-100089,40.8,true,7.2,0.0,5.4,13.0,0.0,0.0,google,gift box
2026-09-26,ES-100090,14.0,false,0.0,4.95,5.4,4.2,0.0,0.0,facebook,single pair
2026-09-26,ES-100091,40.8,true,7.2,0.0,5.4,13.0,0.0,0.0,,gift box
2026-09-26,ES-100092,14.0,true,0.0,4.95,5.4,4.2,0.0,0.0,,single pair
2026-09-26,ES-100093,40.8,true,7.2,0.0,5.4,13.0,0.0,0.0,google,gift box
2026-09-26,ES-100094,55.25,true,9.75,0.0,5.4,19.0,2.1,0.0,facebook,6-pack
2026-09-26,ES-100095,30.6,true,5.4,4.95,5.4,10.5,0.0,0.0,newsletter,3-pack
2026-09-26,ES-100096,40.8,true,7.2,0.0,5.4,13.0,0.0,0.0,newsletter,gift box
2026-09-26,ES-100097,36.0,true,0.0,4.95,5.4,10.5,0.0,0.0,facebook,3-pack
2026-09-26,ES-100098,11.9,true,2.1,4.95,5.4,4.2,0.0,0.0,google,single pair
2026-09-26,ES-100099,30.6,true,5.4,4.95,5.4,10.5,0.0,0.0,facebook,3-pack
2026-09-26,ES-100100,14.0,true,0.0,4.95,5.4,4.2,0.0,0.0,google,single pair
2026-09-26,ES-100101,14.0,true,0.0,4.95,5.4,4.2,0.0,0.0,,single pair
2026-09-26,ES-100102,48.0,true,0.0,0.0,5.4,13.0,0.0,0.0,ig,gift box
2026-09-26,ES-100103,14.0,true,0.0,4.95,5.4,4.2,0.0,0.0,google,single pair
2026-09-26,ES-100104,36.0,true,0.0,4.95,5.4,10.5,0.0,0.0,google,3-pack
2026-09-26,ES-100105,14.0,true,0.0,4.95,5.4,4.2,0.0,0.0,google,single pair
2026-09-26,ES-100106,14.0,true,0.0,4.95,5.4,4.2,0.0,0.0,newsletter,single pair
2026-09-26,ES-100107,14.0,false,0.0,4.95,5.4,4.2,0.0,0.0,ig,single pair
2026-09-26,ES-100108,36.0,true,0.0,4.95,5.4,10.5,0.0,0.0,newsletter,3-pack
2026-09-26,ES-100109,48.0,true,0.0,0.0,5.4,13.0,0.0,0.0,google,gift box
2026-09-26,ES-100110,36.0,false,0.0,4.95,5.4,10.5,0.0,0.0,facebook,3-pack
2026-09-27,ES-100111,14.0,true,0.0,4.95,5.4,4.2,0.0,0.0,google,single pair
2026-09-27,ES-100112,36.0,false,0.0,4.95,5.4,10.5,0.0,0.0,google,3-pack
2026-09-27,ES-100113,40.8,true,7.2,0.0,5.4,13.0,0.0,0.0,google,gift box
2026-09-27,ES-100114,30.6,true,5.4,4.95,5.4,10.5,0.0,30.6,,3-pack
2026-09-27,ES-100115,30.6,true,5.4,4.95,5.4,10.5,0.0,0.0,,3-pack
2026-09-27,ES-100116,36.0,false,0.0,4.95,5.4,10.5,0.0,0.0,,3-pack
2026-09-27,ES-100117,40.8,true,7.2,0.0,5.4,13.0,0.0,0.0,ig,gift box
2026-09-27,ES-100118,36.0,false,0.0,4.95,5.4,10.5,0.0,0.0,google,3-pack
2026-09-27,ES-100119,36.0,true,0.0,4.95,5.4,10.5,0.0,0.0,google,3-pack
2026-09-27,ES-100120,65.0,false,0.0,0.0,5.4,19.0,0.0,0.0,,6-pack
2026-09-27,ES-100121,30.6,true,5.4,4.95,5.4,10.5,0.0,0.0,google,3-pack
2026-09-27,ES-100122,55.25,true,9.75,0.0,5.4,19.0,2.1,0.0,facebook,6-pack
2026-09-27,ES-100123,48.0,false,0.0,0.0,5.4,13.0,0.0,0.0,ig,gift box
2026-09-27,ES-100124,40.8,true,7.2,0.0,5.4,13.0,0.0,0.0,google,gift box
2026-09-27,ES-100125,36.0,false,0.0,4.95,5.4,10.5,0.0,0.0,google,3-pack
2026-09-27,ES-100126,11.9,true,2.1,4.95,5.4,4.2,0.0,11.9,google,single pair
2026-09-27,ES-100127,40.8,true,7.2,0.0,5.4,13.0,0.0,0.0,facebook,gift box
2026-09-27,ES-100128,55.25,true,9.75,0.0,5.4,19.0,2.1,0.0,ig,6-pack
2026-09-27,ES-100129,48.0,true,0.0,0.0,5.4,13.0,0.0,0.0,google,gift box
2026-09-27,ES-100130,36.0,false,0.0,4.95,5.4,10.5,0.0,0.0,google,3-pack
2026-09-27,ES-100131,11.9,true,2.1,4.95,5.4,4.2,0.0,0.0,ig,single pair
2026-09-27,ES-100132,36.0,false,0.0,4.95,5.4,10.5,0.0,0.0,facebook,3-pack
2026-09-27,ES-100133,36.0,true,0.0,4.95,5.4,10.5,0.0,0.0,facebook,3-pack
2026-09-27,ES-100134,36.0,true,0.0,4.95,5.4,10.5,0.0,0.0,,3-pack
2026-09-27,ES-100135,30.6,true,5.4,4.95,5.4,10.5,0.0,0.0,,3-pack
2026-09-27,ES-100136,30.6,true,5.4,4.95,5.4,10.5,0.0,0.0,tiktok,3-pack
2026-09-27,ES-100137,11.9,true,2.1,4.95,5.4,4.2,0.0,0.0,google,single pair
2026-09-27,ES-100138,55.25,true,9.75,0.0,5.4,19.0,2.1,0.0,facebook,6-pack
2026-09-27,ES-100139,65.0,true,0.0,0.0,5.4,19.0,2.1,0.0,facebook,6-pack
2026-09-27,ES-100140,65.0,true,0.0,0.0,5.4,19.0,2.1,0.0,ig,6-pack
2026-09-27,ES-100141,11.9,true,2.1,4.95,5.4,4.2,0.0,0.0,ig,single pair
2026-09-27,ES-100142,11.9,true,2.1,4.95,5.4,4.2,0.0,0.0,,single pair
2026-09-27,ES-100143,11.9,true,2.1,4.95,5.4,4.2,0.0,0.0,newsletter,single pair
2026-09-27,ES-100144,14.0,false,0.0,4.95,5.4,4.2,0.0,0.0,,single pair
2026-09-27,ES-100145,65.0,false,0.0,0.0,5.4,19.0,0.0,0.0,ig,6-pack
2026-09-27,ES-100146,14.0,false,0.0,4.95,5.4,4.2,0.0,0.0,ig,single pair
2026-09-27,ES-100147,11.9,true,2.1,4.95,5.4,4.2,0.0,0.0,facebook,single pair
2026-09-27,ES-100148,14.0,true,0.0,4.95,5.4,4.2,0.0,14.0,google,single pair
2026-09-28,ES-100149,48.0,true,0.0,0.0,5.4,13.0,0.0,0.0,ig,gift box
2026-09-28,ES-100150,14.0,true,0.0,4.95,5.4,4.2,0.0,0.0,tiktok,single pair
2026-09-28,ES-100151,14.0,false,0.0,4.95,5.4,4.2,0.0,0.0,ig,single pair
2026-09-28,ES-100152,65.0,false,0.0,0.0,5.4,19.0,0.0,0.0,facebook,6-pack
2026-09-28,ES-100153,14.0,true,0.0,4.95,5.4,4.2,0.0,0.0,google,single pair
2026-09-28,ES-100154,14.0,false,0.0,4.95,5.4,4.2,0.0,0.0,tiktok,single pair
2026-09-28,ES-100155,48.0,true,0.0,0.0,5.4,13.0,0.0,0.0,ig,gift box
2026-09-28,ES-100156,36.0,false,0.0,4.95,5.4,10.5,0.0,0.0,google,3-pack
2026-09-28,ES-100157,14.0,false,0.0,4.95,5.4,4.2,0.0,0.0,google,single pair
2026-09-28,ES-100158,65.0,false,0.0,0.0,5.4,19.0,0.0,0.0,ig,6-pack
2026-09-28,ES-100159,36.0,false,0.0,4.95,5.4,10.5,0.0,0.0,ig,3-pack
2026-09-28,ES-100160,11.9,true,2.1,4.95,5.4,4.2,0.0,0.0,,single pair
2026-09-28,ES-100161,14.0,false,0.0,4.95,5.4,4.2,0.0,0.0,ig,single pair
2026-09-28,ES-100162,36.0,true,0.0,4.95,5.4,10.5,0.0,0.0,facebook,3-pack
2026-09-28,ES-100163,48.0,true,0.0,0.0,5.4,13.0,0.0,0.0,newsletter,gift box
2026-09-28,ES-100164,65.0,true,0.0,0.0,5.4,19.0,2.1,0.0,google,6-pack
2026-09-28,ES-100165,30.6,true,5.4,4.95,5.4,10.5,0.0,0.0,facebook,3-pack
2026-09-28,ES-100166,65.0,false,0.0,0.0,5.4,19.0,0.0,0.0,google,6-pack
2026-09-28,ES-100167,36.0,false,0.0,4.95,5.4,10.5,0.0,0.0,facebook,3-pack
2026-09-28,ES-100168,65.0,true,0.0,0.0,5.4,19.0,2.1,0.0,google,6-pack
2026-09-28,ES-100169,65.0,false,0.0,0.0,5.4,19.0,0.0,0.0,google,6-pack
2026-09-28,ES-100170,14.0,false,0.0,4.95,5.4,4.2,0.0,0.0,facebook,single pair
2026-09-28,ES-100171,36.0,false,0.0,4.95,5.4,10.5,0.0,0.0,facebook,3-pack
2026-09-28,ES-100172,11.9,true,2.1,4.95,5.4,4.2,0.0,0.0,google,single pair
2026-09-28,ES-100173,36.0,false,0.0,4.95,5.4,10.5,0.0,0.0,facebook,3-pack
2026-09-28,ES-100174,30.6,true,5.4,4.95,5.4,10.5,0.0,0.0,facebook,3-pack
2026-09-28,ES-100175,11.9,true,2.1,4.95,5.4,4.2,0.0,0.0,,single pair
2026-09-28,ES-100176,65.0,true,0.0,0.0,5.4,19.0,2.1,0.0,google,6-pack
2026-09-28,ES-100177,36.0,true,0.0,4.95,5.4,10.5,0.0,0.0,,3-pack
2026-09-28,ES-100178,30.6,true,5.4,4.95,5.4,10.5,0.0,0.0,facebook,3-pack
2026-09-28,ES-100179,36.0,false,0.0,4.95,5.4,10.5,0.0,0.0,newsletter,3-pack
2026-09-29,ES-100180,14.0,false,0.0,4.95,5.4,4.2,0.0,0.0,facebook,single pair
2026-09-29,ES-100181,65.0,false,0.0,0.0,5.4,19.0,0.0,0.0,,6-pack
2026-09-29,ES-100182,14.0,true,0.0,4.95,5.4,4.2,0.0,0.0,facebook,single pair
2026-09-29,ES-100183,36.0,false,0.0,4.95,5.4,10.5,0.0,0.0,newsletter,3-pack
2026-09-29,ES-100184,65.0,false,0.0,0.0,5.4,19.0,0.0,0.0,facebook,6-pack
2026-09-29,ES-100185,65.0,true,0.0,0.0,5.4,19.0,2.1,0.0,google,6-pack
2026-09-29,ES-100186,65.0,true,0.0,0.0,5.4,19.0,2.1,0.0,,6-pack
2026-09-29,ES-100187,40.8,true,7.2,0.0,5.4,13.0,0.0,0.0,,gift box
2026-09-29,ES-100188,48.0,false,0.0,0.0,5.4,13.0,0.0,0.0,google,gift box
2026-09-29,ES-100189,14.0,false,0.0,4.95,5.4,4.2,0.0,0.0,,single pair
2026-09-29,ES-100190,40.8,true,7.2,0.0,5.4,13.0,0.0,0.0,ig,gift box
2026-09-29,ES-100191,55.25,true,9.75,0.0,5.4,19.0,2.1,0.0,google,6-pack
2026-09-29,ES-100192,36.0,false,0.0,4.95,5.4,10.5,0.0,0.0,google,3-pack
2026-09-29,ES-100193,36.0,false,0.0,4.95,5.4,10.5,0.0,0.0,ig,3-pack
2026-09-29,ES-100194,36.0,false,0.0,4.95,5.4,10.5,0.0,0.0,facebook,3-pack
2026-09-29,ES-100195,36.0,true,0.0,4.95,5.4,10.5,0.0,0.0,google,3-pack
2026-09-29,ES-100196,36.0,false,0.0,4.95,5.4,10.5,0.0,0.0,google,3-pack
2026-09-29,ES-100197,36.0,false,0.0,4.95,5.4,10.5,0.0,0.0,google,3-pack
2026-09-29,ES-100198,14.0,false,0.0,4.95,5.4,4.2,0.0,14.0,google,single pair
2026-09-29,ES-100199,36.0,false,0.0,4.95,5.4,10.5,0.0,0.0,ig,3-pack
2026-09-29,ES-100200,36.0,false,0.0,4.95,5.4,10.5,0.0,0.0,facebook,3-pack
2026-09-29,ES-100201,11.9,true,2.1,4.95,5.4,4.2,0.0,0.0,facebook,single pair
2026-09-29,ES-100202,36.0,true,0.0,4.95,5.4,10.5,0.0,0.0,google,3-pack
2026-09-29,ES-100203,65.0,true,0.0,0.0,5.4,19.0,2.1,0.0,google,6-pack
2026-09-29,ES-100204,36.0,false,0.0,4.95,5.4,10.5,0.0,0.0,facebook,3-pack
2026-09-29,ES-100205,55.25,true,9.75,0.0,5.4,19.0,2.1,0.0,facebook,6-pack
2026-09-29,ES-100206,55.25,true,9.75,0.0,5.4,19.0,2.1,0.0,facebook,6-pack
2026-09-29,ES-100207,14.0,false,0.0,4.95,5.4,4.2,0.0,0.0,google,single pair
2026-09-29,ES-100208,65.0,false,0.0,0.0,5.4,19.0,0.0,0.0,ig,6-pack
2026-09-29,ES-100209,14.0,false,0.0,4.95,5.4,4.2,0.0,0.0,google,single pair
2026-09-29,ES-100210,14.0,false,0.0,4.95,5.4,4.2,0.0,0.0,newsletter,single pair
2026-09-30,ES-100211,14.0,true,0.0,4.95,5.4,4.2,0.0,0.0,,single pair
2026-09-30,ES-100212,36.0,true,0.0,4.95,5.4,10.5,0.0,0.0,google,3-pack
2026-09-30,ES-100213,14.0,true,0.0,4.95,5.4,4.2,0.0,0.0,newsletter,single pair
2026-09-30,ES-100214,36.0,false,0.0,4.95,5.4,10.5,0.0,0.0,,3-pack
2026-09-30,ES-100215,30.6,true,5.4,4.95,5.4,10.5,0.0,0.0,google,3-pack
2026-09-30,ES-100216,30.6,true,5.4,4.95,5.4,10.5,0.0,0.0,newsletter,3-pack
2026-09-30,ES-100217,65.0,true,0.0,0.0,5.4,19.0,2.1,0.0,google,6-pack
2026-09-30,ES-100218,48.0,true,0.0,0.0,5.4,13.0,0.0,0.0,,gift box
2026-09-30,ES-100219,36.0,false,0.0,4.95,5.4,10.5,0.0,0.0,ig,3-pack
2026-09-30,ES-100220,48.0,false,0.0,0.0,5.4,13.0,0.0,0.0,tiktok,gift box
2026-09-30,ES-100221,55.25,true,9.75,0.0,5.4,19.0,2.1,0.0,google,6-pack
2026-09-30,ES-100222,30.6,true,5.4,4.95,5.4,10.5,0.0,0.0,ig,3-pack
2026-09-30,ES-100223,36.0,false,0.0,4.95,5.4,10.5,0.0,0.0,newsletter,3-pack
2026-09-30,ES-100224,48.0,false,0.0,0.0,5.4,13.0,0.0,0.0,google,gift box
2026-09-30,ES-100225,14.0,true,0.0,4.95,5.4,4.2,0.0,0.0,facebook,single pair
2026-09-30,ES-100226,65.0,true,0.0,0.0,5.4,19.0,2.1,0.0,,6-pack
2026-09-30,ES-100227,30.6,true,5.4,4.95,5.4,10.5,0.0,0.0,,3-pack
2026-09-30,ES-100228,36.0,true,0.0,4.95,5.4,10.5,0.0,0.0,google,3-pack
2026-09-30,ES-100229,65.0,false,0.0,0.0,5.4,19.0,0.0,0.0,ig,6-pack
2026-09-30,ES-100230,30.6,true,5.4,4.95,5.4,10.5,0.0,0.0,,3-pack
2026-09-30,ES-100231,40.8,true,7.2,0.0,5.4,13.0,0.0,0.0,,gift box
2026-09-30,ES-100232,36.0,false,0.0,4.95,5.4,10.5,0.0,0.0,tiktok,3-pack
2026-09-30,ES-100233,11.9,true,2.1,4.95,5.4,4.2,0.0,0.0,facebook,single pair
2026-09-30,ES-100234,36.0,true,0.0,4.95,5.4,10.5,0.0,0.0,facebook,3-pack
2026-09-30,ES-100235,48.0,true,0.0,0.0,5.4,13.0,0.0,0.0,,gift box
2026-09-30,ES-100236,65.0,true,0.0,0.0,5.4,19.0,2.1,0.0,google,6-pack
2026-09-30,ES-100237,14.0,true,0.0,4.95,5.4,4.2,0.0,0.0,,single pair
2026-09-30,ES-100238,11.9,true,2.1,4.95,5.4,4.2,0.0,0.0,,single pair
2026-09-30,ES-100239,55.25,true,9.75,0.0,5.4,19.0,2.1,0.0,newsletter,6-pack
2026-09-30,ES-100240,36.0,false,0.0,4.95,5.4,10.5,0.0,0.0,facebook,3-pack
2026-09-30,ES-100241,36.0,false,0.0,4.95,5.4,10.5,0.0,0.0,facebook,3-pack
2026-09-30,ES-100242,11.9,true,2.1,4.95,5.4,4.2,0.0,0.0,,single pair
2026-09-30,ES-100243,14.0,false,0.0,4.95,5.4,4.2,0.0,0.0,newsletter,single pair
2026-09-30,ES-100244,36.0,false,0.0,4.95,5.4,10.5,0.0,36.0,facebook,3-pack
2026-10-01,ES-100245,65.0,true,0.0,0.0,5.4,19.0,2.1,0.0,google,6-pack
2026-10-01,ES-100246,14.0,true,0.0,4.95,5.4,4.2,0.0,0.0,,single pair
2026-10-01,ES-100247,11.9,true,2.1,4.95,5.4,4.2,0.0,0.0,facebook,single pair
2026-10-01,ES-100248,14.0,true,0.0,4.95,5.4,4.2,0.0,0.0,facebook,single pair
2026-10-01,ES-100249,48.0,true,0.0,0.0,5.4,13.0,0.0,0.0,google,gift box
2026-10-01,ES-100250,36.0,false,0.0,4.95,5.4,10.5,0.0,0.0,,3-pack
2026-10-01,ES-100251,36.0,true,0.0,4.95,5.4,10.5,0.0,0.0,facebook,3-pack
2026-10-01,ES-100252,14.0,true,0.0,4.95,5.4,4.2,0.0,14.0,facebook,single pair
2026-10-01,ES-100253,14.0,false,0.0,4.95,5.4,4.2,0.0,0.0,newsletter,single pair
2026-10-01,ES-100254,48.0,true,0.0,0.0,5.4,13.0,0.0,0.0,google,gift box
2026-10-01,ES-100255,36.0,true,0.0,4.95,5.4,10.5,0.0,0.0,,3-pack
2026-10-01,ES-100256,36.0,false,0.0,4.95,5.4,10.5,0.0,0.0,facebook,3-pack
2026-10-01,ES-100257,48.0,true,0.0,0.0,5.4,13.0,0.0,0.0,google,gift box
2026-10-01,ES-100258,36.0,false,0.0,4.95,5.4,10.5,0.0,0.0,,3-pack
2026-10-01,ES-100259,55.25,true,9.75,0.0,5.4,19.0,2.1,0.0,,6-pack
2026-10-01,ES-100260,14.0,false,0.0,4.95,5.4,4.2,0.0,0.0,ig,single pair
2026-10-01,ES-100261,14.0,true,0.0,4.95,5.4,4.2,0.0,0.0,facebook,single pair
2026-10-01,ES-100262,65.0,true,0.0,0.0,5.4,19.0,2.1,0.0,google,6-pack
2026-10-01,ES-100263,65.0,false,0.0,0.0,5.4,19.0,0.0,0.0,,6-pack
2026-10-01,ES-100264,14.0,true,0.0,4.95,5.4,4.2,0.0,0.0,facebook,single pair
2026-10-01,ES-100265,36.0,false,0.0,4.95,5.4,10.5,0.0,0.0,,3-pack
2026-10-01,ES-100266,55.25,true,9.75,0.0,5.4,19.0,2.1,0.0,newsletter,6-pack
2026-10-01,ES-100267,14.0,false,0.0,4.95,5.4,4.2,0.0,0.0,google,single pair
2026-10-01,ES-100268,65.0,false,0.0,0.0,5.4,19.0,0.0,0.0,google,6-pack
2026-10-01,ES-100269,36.0,true,0.0,4.95,5.4,10.5,0.0,0.0,google,3-pack
2026-10-01,ES-100270,40.8,true,7.2,0.0,5.4,13.0,0.0,0.0,newsletter,gift box
2026-10-01,ES-100271,65.0,true,0.0,0.0,5.4,19.0,2.1,0.0,facebook,6-pack
2026-10-01,ES-100272,30.6,true,5.4,4.95,5.4,10.5,0.0,0.0,google,3-pack
2026-10-01,ES-100273,48.0,false,0.0,0.0,5.4,13.0,0.0,48.0,,gift box
2026-10-01,ES-100274,55.25,true,9.75,0.0,5.4,19.0,2.1,0.0,,6-pack
2026-10-01,ES-100275,11.9,true,2.1,4.95,5.4,4.2,0.0,0.0,facebook,single pair
2026-10-01,ES-100276,65.0,true,0.0,0.0,5.4,19.0,2.1,0.0,google,6-pack
2026-10-01,ES-100277,65.0,false,0.0,0.0,5.4,19.0,0.0,0.0,,6-pack
2026-10-01,ES-100278,65.0,true,0.0,0.0,5.4,19.0,2.1,0.0,facebook,6-pack
2026-10-02,ES-100279,30.6,true,5.4,4.95,5.4,10.5,0.0,0.0,ig,3-pack
2026-10-02,ES-100280,65.0,true,0.0,0.0,5.4,19.0,2.1,0.0,,6-pack
2026-10-02,ES-100281,14.0,true,0.0,4.95,5.4,4.2,0.0,0.0,google,single pair
2026-10-02,ES-100282,36.0,true,0.0,4.95,5.4,10.5,0.0,0.0,facebook,3-pack
2026-10-02,ES-100283,11.9,true,2.1,4.95,5.4,4.2,0.0,0.0,facebook,single pair
2026-10-02,ES-100284,65.0,false,0.0,0.0,5.4,19.0,0.0,0.0,facebook,6-pack
2026-10-02,ES-100285,14.0,true,0.0,4.95,5.4,4.2,0.0,0.0,facebook,single pair
2026-10-02,ES-100286,65.0,true,0.0,0.0,5.4,19.0,2.1,0.0,google,6-pack
2026-10-02,ES-100287,48.0,false,0.0,0.0,5.4,13.0,0.0,0.0,,gift box
2026-10-02,ES-100288,14.0,false,0.0,4.95,5.4,4.2,0.0,0.0,facebook,single pair
2026-10-02,ES-100289,55.25,true,9.75,0.0,5.4,19.0,2.1,0.0,facebook,6-pack
2026-10-02,ES-100290,36.0,false,0.0,4.95,5.4,10.5,0.0,0.0,facebook,3-pack
2026-10-02,ES-100291,40.8,true,7.2,0.0,5.4,13.0,0.0,0.0,google,gift box
2026-10-02,ES-100292,48.0,true,0.0,0.0,5.4,13.0,0.0,0.0,,gift box
2026-10-02,ES-100293,48.0,false,0.0,0.0,5.4,13.0,0.0,0.0,facebook,gift box
2026-10-02,ES-100294,36.0,true,0.0,4.95,5.4,10.5,0.0,0.0,facebook,3-pack
2026-10-02,ES-100295,36.0,true,0.0,4.95,5.4,10.5,0.0,0.0,tiktok,3-pack
2026-10-02,ES-100296,36.0,false,0.0,4.95,5.4,10.5,0.0,0.0,tiktok,3-pack
2026-10-02,ES-100297,48.0,true,0.0,0.0,5.4,13.0,0.0,0.0,google,gift box
2026-10-02,ES-100298,36.0,false,0.0,4.95,5.4,10.5,0.0,0.0,newsletter,3-pack
2026-10-02,ES-100299,55.25,true,9.75,0.0,5.4,19.0,2.1,0.0,ig,6-pack
2026-10-02,ES-100300,30.6,true,5.4,4.95,5.4,10.5,0.0,0.0,,3-pack
2026-10-02,ES-100301,30.6,true,5.4,4.95,5.4,10.5,0.0,0.0,,3-pack
2026-10-02,ES-100302,36.0,false,0.0,4.95,5.4,10.5,0.0,0.0,ig,3-pack
2026-10-02,ES-100303,65.0,false,0.0,0.0,5.4,19.0,0.0,0.0,,6-pack
2026-10-02,ES-100304,14.0,true,0.0,4.95,5.4,4.2,0.0,0.0,ig,single pair
2026-10-02,ES-100305,65.0,true,0.0,0.0,5.4,19.0,2.1,0.0,google,6-pack
2026-10-02,ES-100306,36.0,false,0.0,4.95,5.4,10.5,0.0,0.0,newsletter,3-pack
2026-10-02,ES-100307,14.0,false,0.0,4.95,5.4,4.2,0.0,0.0,facebook,single pair
2026-10-02,ES-100308,48.0,false,0.0,0.0,5.4,13.0,0.0,0.0,google,gift box
2026-10-02,ES-100309,65.0,true,0.0,0.0,5.4,19.0,2.1,0.0,newsletter,6-pack
2026-10-02,ES-100310,14.0,false,0.0,4.95,5.4,4.2,0.0,0.0,ig,single pair
2026-10-02,ES-100311,55.25,true,9.75,0.0,5.4,19.0,2.1,0.0,,6-pack
2026-10-03,ES-100312,65.0,true,0.0,0.0,5.4,19.0,2.1,0.0,ig,6-pack
2026-10-03,ES-100313,65.0,false,0.0,0.0,5.4,19.0,0.0,0.0,,6-pack
2026-10-03,ES-100314,55.25,true,9.75,0.0,5.4,19.0,2.1,0.0,facebook,6-pack
2026-10-03,ES-100315,14.0,false,0.0,4.95,5.4,4.2,0.0,0.0,,single pair
2026-10-03,ES-100316,11.9,true,2.1,4.95,5.4,4.2,0.0,0.0,ig,single pair
2026-10-03,ES-100317,65.0,false,0.0,0.0,5.4,19.0,0.0,0.0,ig,6-pack
2026-10-03,ES-100318,36.0,false,0.0,4.95,5.4,10.5,0.0,0.0,,3-pack
2026-10-03,ES-100319,11.9,true,2.1,4.95,5.4,4.2,0.0,0.0,google,single pair
2026-10-03,ES-100320,48.0,false,0.0,0.0,5.4,13.0,0.0,0.0,,gift box
2026-10-03,ES-100321,30.6,true,5.4,4.95,5.4,10.5,0.0,0.0,ig,3-pack
2026-10-03,ES-100322,11.9,true,2.1,4.95,5.4,4.2,0.0,0.0,google,single pair
2026-10-03,ES-100323,48.0,false,0.0,0.0,5.4,13.0,0.0,0.0,ig,gift box
2026-10-03,ES-100324,48.0,false,0.0,0.0,5.4,13.0,0.0,0.0,tiktok,gift box
2026-10-03,ES-100325,36.0,false,0.0,4.95,5.4,10.5,0.0,0.0,google,3-pack
2026-10-03,ES-100326,55.25,true,9.75,0.0,5.4,19.0,2.1,0.0,google,6-pack
2026-10-03,ES-100327,36.0,false,0.0,4.95,5.4,10.5,0.0,0.0,ig,3-pack
2026-10-03,ES-100328,36.0,true,0.0,4.95,5.4,10.5,0.0,0.0,facebook,3-pack
2026-10-03,ES-100329,14.0,false,0.0,4.95,5.4,4.2,0.0,0.0,,single pair
2026-10-03,ES-100330,36.0,true,0.0,4.95,5.4,10.5,0.0,0.0,google,3-pack
2026-10-03,ES-100331,14.0,false,0.0,4.95,5.4,4.2,0.0,0.0,,single pair
2026-10-03,ES-100332,65.0,true,0.0,0.0,5.4,19.0,2.1,0.0,ig,6-pack
2026-10-03,ES-100333,30.6,true,5.4,4.95,5.4,10.5,0.0,0.0,facebook,3-pack
2026-10-03,ES-100334,36.0,false,0.0,4.95,5.4,10.5,0.0,0.0,google,3-pack
2026-10-03,ES-100335,36.0,true,0.0,4.95,5.4,10.5,0.0,0.0,facebook,3-pack
2026-10-03,ES-100336,65.0,false,0.0,0.0,5.4,19.0,0.0,0.0,ig,6-pack
2026-10-03,ES-100337,55.25,true,9.75,0.0,5.4,19.0,2.1,0.0,google,6-pack
2026-10-03,ES-100338,36.0,true,0.0,4.95,5.4,10.5,0.0,0.0,,3-pack
2026-10-03,ES-100339,48.0,true,0.0,0.0,5.4,13.0,0.0,0.0,google,gift box
2026-10-03,ES-100340,14.0,false,0.0,4.95,5.4,4.2,0.0,0.0,,single pair
2026-10-03,ES-100341,65.0,false,0.0,0.0,5.4,19.0,0.0,0.0,facebook,6-pack
2026-10-03,ES-100342,36.0,false,0.0,4.95,5.4,10.5,0.0,0.0,ig,3-pack
2026-10-03,ES-100343,65.0,false,0.0,0.0,5.4,19.0,0.0,0.0,,6-pack
2026-10-03,ES-100344,14.0,true,0.0,4.95,5.4,4.2,0.0,0.0,google,single pair
2026-10-03,ES-100345,36.0,true,0.0,4.95,5.4,10.5,0.0,0.0,google,3-pack
2026-10-03,ES-100346,36.0,true,0.0,4.95,5.4,10.5,0.0,0.0,facebook,3-pack
2026-10-03,ES-100347,65.0,true,0.0,0.0,5.4,19.0,2.1,0.0,newsletter,6-pack
2026-10-03,ES-100348,55.25,true,9.75,0.0,5.4,19.0,2.1,0.0,facebook,6-pack
2026-10-03,ES-100349,36.0,false,0.0,4.95,5.4,10.5,0.0,0.0,google,3-pack
2026-10-03,ES-100350,36.0,false,0.0,4.95,5.4,10.5,0.0,0.0,facebook,3-pack
2026-10-03,ES-100351,36.0,true,0.0,4.95,5.4,10.5,0.0,0.0,tiktok,3-pack
2026-10-03,ES-100352,65.0,false,0.0,0.0,5.4,19.0,0.0,0.0,ig,6-pack
2026-10-03,ES-100353,65.0,false,0.0,0.0,5.4,19.0,0.0,0.0,facebook,6-pack
2026-10-03,ES-100354,36.0,false,0.0,4.95,5.4,10.5,0.0,0.0,newsletter,3-pack
2026-10-04,ES-100355,36.0,true,0.0,4.95,5.4,10.5,0.0,0.0,,3-pack
2026-10-04,ES-100356,30.6,true,5.4,4.95,5.4,10.5,0.0,0.0,google,3-pack
2026-10-04,ES-100357,14.0,true,0.0,4.95,5.4,4.2,0.0,0.0,ig,single pair
2026-10-04,ES-100358,65.0,false,0.0,0.0,5.4,19.0,0.0,0.0,facebook,6-pack
2026-10-04,ES-100359,14.0,true,0.0,4.95,5.4,4.2,0.0,0.0,facebook,single pair
2026-10-04,ES-100360,36.0,false,0.0,4.95,5.4,10.5,0.0,0.0,ig,3-pack
2026-10-04,ES-100361,36.0,true,0.0,4.95,5.4,10.5,0.0,0.0,,3-pack
2026-10-04,ES-100362,65.0,false,0.0,0.0,5.4,19.0,0.0,0.0,google,6-pack
2026-10-04,ES-100363,36.0,false,0.0,4.95,5.4,10.5,0.0,0.0,google,3-pack
2026-10-04,ES-100364,14.0,true,0.0,4.95,5.4,4.2,0.0,0.0,,single pair
2026-10-04,ES-100365,55.25,true,9.75,0.0,5.4,19.0,2.1,0.0,tiktok,6-pack
2026-10-04,ES-100366,36.0,true,0.0,4.95,5.4,10.5,0.0,0.0,ig,3-pack
2026-10-04,ES-100367,65.0,true,0.0,0.0,5.4,19.0,2.1,0.0,facebook,6-pack
2026-10-04,ES-100368,48.0,true,0.0,0.0,5.4,13.0,0.0,0.0,facebook,gift box
2026-10-04,ES-100369,55.25,true,9.75,0.0,5.4,19.0,2.1,0.0,google,6-pack
2026-10-04,ES-100370,36.0,false,0.0,4.95,5.4,10.5,0.0,0.0,facebook,3-pack
2026-10-04,ES-100371,65.0,false,0.0,0.0,5.4,19.0,0.0,0.0,facebook,6-pack
2026-10-04,ES-100372,36.0,false,0.0,4.95,5.4,10.5,0.0,0.0,facebook,3-pack
2026-10-04,ES-100373,11.9,true,2.1,4.95,5.4,4.2,0.0,0.0,,single pair
2026-10-04,ES-100374,36.0,true,0.0,4.95,5.4,10.5,0.0,0.0,,3-pack
2026-10-04,ES-100375,30.6,true,5.4,4.95,5.4,10.5,0.0,0.0,tiktok,3-pack
2026-10-04,ES-100376,48.0,true,0.0,0.0,5.4,13.0,0.0,0.0,tiktok,gift box
2026-10-04,ES-100377,40.8,true,7.2,0.0,5.4,13.0,0.0,0.0,google,gift box
2026-10-04,ES-100378,11.9,true,2.1,4.95,5.4,4.2,0.0,0.0,ig,single pair
2026-10-04,ES-100379,48.0,true,0.0,0.0,5.4,13.0,0.0,0.0,ig,gift box
2026-10-04,ES-100380,36.0,true,0.0,4.95,5.4,10.5,0.0,0.0,google,3-pack
2026-10-04,ES-100381,14.0,false,0.0,4.95,5.4,4.2,0.0,0.0,ig,single pair
2026-10-04,ES-100382,36.0,false,0.0,4.95,5.4,10.5,0.0,0.0,newsletter,3-pack
2026-10-04,ES-100383,36.0,false,0.0,4.95,5.4,10.5,0.0,0.0,ig,3-pack
2026-10-04,ES-100384,36.0,false,0.0,4.95,5.4,10.5,0.0,0.0,google,3-pack
2026-10-04,ES-100385,48.0,false,0.0,0.0,5.4,13.0,0.0,0.0,google,gift box
2026-10-04,ES-100386,65.0,false,0.0,0.0,5.4,19.0,0.0,0.0,facebook,6-pack
2026-10-04,ES-100387,14.0,true,0.0,4.95,5.4,4.2,0.0,0.0,tiktok,single pair
2026-10-04,ES-100388,36.0,false,0.0,4.95,5.4,10.5,0.0,0.0,ig,3-pack
2026-10-04,ES-100389,36.0,false,0.0,4.95,5.4,10.5,0.0,0.0,facebook,3-pack
2026-10-05,ES-100390,11.9,true,2.1,4.95,5.4,4.2,0.0,0.0,facebook,single pair
2026-10-05,ES-100391,11.9,true,2.1,4.95,5.4,4.2,0.0,0.0,newsletter,single pair
2026-10-05,ES-100392,65.0,true,0.0,0.0,5.4,19.0,2.1,0.0,google,6-pack
2026-10-05,ES-100393,36.0,true,0.0,4.95,5.4,10.5,0.0,0.0,ig,3-pack
2026-10-05,ES-100394,14.0,true,0.0,4.95,5.4,4.2,0.0,0.0,facebook,single pair
2026-10-05,ES-100395,30.6,true,5.4,4.95,5.4,10.5,0.0,0.0,facebook,3-pack
2026-10-05,ES-100396,36.0,false,0.0,4.95,5.4,10.5,0.0,0.0,,3-pack
2026-10-05,ES-100397,65.0,true,0.0,0.0,5.4,19.0,2.1,0.0,ig,6-pack
2026-10-05,ES-100398,14.0,true,0.0,4.95,5.4,4.2,0.0,0.0,,single pair
2026-10-05,ES-100399,40.8,true,7.2,0.0,5.4,13.0,0.0,0.0,ig,gift box
2026-10-05,ES-100400,14.0,false,0.0,4.95,5.4,4.2,0.0,0.0,google,single pair
2026-10-05,ES-100401,55.25,true,9.75,0.0,5.4,19.0,2.1,0.0,tiktok,6-pack
2026-10-05,ES-100402,55.25,true,9.75,0.0,5.4,19.0,2.1,0.0,tiktok,6-pack
2026-10-05,ES-100403,36.0,true,0.0,4.95,5.4,10.5,0.0,0.0,ig,3-pack
2026-10-05,ES-100404,55.25,true,9.75,0.0,5.4,19.0,2.1,0.0,,6-pack
2026-10-05,ES-100405,65.0,false,0.0,0.0,5.4,19.0,0.0,0.0,facebook,6-pack
2026-10-05,ES-100406,36.0,false,0.0,4.95,5.4,10.5,0.0,0.0,google,3-pack
2026-10-05,ES-100407,14.0,false,0.0,4.95,5.4,4.2,0.0,0.0,google,single pair
2026-10-05,ES-100408,55.25,true,9.75,0.0,5.4,19.0,2.1,0.0,,6-pack
2026-10-05,ES-100409,14.0,false,0.0,4.95,5.4,4.2,0.0,0.0,google,single pair
2026-10-05,ES-100410,14.0,false,0.0,4.95,5.4,4.2,0.0,0.0,google,single pair
2026-10-05,ES-100411,36.0,false,0.0,4.95,5.4,10.5,0.0,0.0,ig,3-pack
2026-10-05,ES-100412,55.25,true,9.75,0.0,5.4,19.0,2.1,0.0,google,6-pack
2026-10-05,ES-100413,65.0,false,0.0,0.0,5.4,19.0,0.0,0.0,google,6-pack
2026-10-05,ES-100414,40.8,true,7.2,0.0,5.4,13.0,0.0,0.0,,gift box
2026-10-05,ES-100415,36.0,true,0.0,4.95,5.4,10.5,0.0,0.0,google,3-pack
2026-10-05,ES-100416,11.9,true,2.1,4.95,5.4,4.2,0.0,0.0,newsletter,single pair
2026-10-05,ES-100417,36.0,false,0.0,4.95,5.4,10.5,0.0,36.0,google,3-pack
2026-10-05,ES-100418,11.9,true,2.1,4.95,5.4,4.2,0.0,0.0,newsletter,single pair
2026-10-05,ES-100419,65.0,false,0.0,0.0,5.4,19.0,0.0,0.0,google,6-pack
2026-10-05,ES-100420,40.8,true,7.2,0.0,5.4,13.0,0.0,0.0,newsletter,gift box
2026-10-05,ES-100421,14.0,true,0.0,4.95,5.4,4.2,0.0,0.0,facebook,single pair
2026-10-05,ES-100422,48.0,false,0.0,0.0,5.4,13.0,0.0,0.0,google,gift box
2026-10-05,ES-100423,30.6,true,5.4,4.95,5.4,10.5,0.0,0.0,newsletter,3-pack
2026-10-05,ES-100424,36.0,false,0.0,4.95,5.4,10.5,0.0,0.0,google,3-pack
2026-10-05,ES-100425,48.0,false,0.0,0.0,5.4,13.0,0.0,0.0,google,gift box
2026-10-05,ES-100426,30.6,true,5.4,4.95,5.4,10.5,0.0,0.0,,3-pack
2026-10-05,ES-100427,14.0,false,0.0,4.95,5.4,4.2,0.0,0.0,facebook,single pair
2026-10-05,ES-100428,36.0,false,0.0,4.95,5.4,10.5,0.0,0.0,,3-pack
2026-10-06,ES-100429,11.9,true,2.1,4.95,5.4,4.2,0.0,0.0,google,single pair
2026-10-06,ES-100430,36.0,true,0.0,4.95,5.4,10.5,0.0,0.0,google,3-pack
2026-10-06,ES-100431,14.0,true,0.0,4.95,5.4,4.2,0.0,0.0,google,single pair
2026-10-06,ES-100432,14.0,true,0.0,4.95,5.4,4.2,0.0,0.0,facebook,single pair
2026-10-06,ES-100433,55.25,true,9.75,0.0,5.4,19.0,2.1,0.0,facebook,6-pack
2026-10-06,ES-100434,11.9,true,2.1,4.95,5.4,4.2,0.0,0.0,facebook,single pair
2026-10-06,ES-100435,36.0,true,0.0,4.95,5.4,10.5,0.0,0.0,google,3-pack
2026-10-06,ES-100436,40.8,true,7.2,0.0,5.4,13.0,0.0,0.0,newsletter,gift box
2026-10-06,ES-100437,14.0,true,0.0,4.95,5.4,4.2,0.0,0.0,,single pair
2026-10-06,ES-100438,36.0,true,0.0,4.95,5.4,10.5,0.0,0.0,,3-pack
2026-10-06,ES-100439,65.0,true,0.0,0.0,5.4,19.0,2.1,65.0,facebook,6-pack
2026-10-06,ES-100440,48.0,false,0.0,0.0,5.4,13.0,0.0,0.0,facebook,gift box
2026-10-06,ES-100441,14.0,true,0.0,4.95,5.4,4.2,0.0,14.0,facebook,single pair
2026-10-06,ES-100442,40.8,true,7.2,0.0,5.4,13.0,0.0,0.0,tiktok,gift box
2026-10-06,ES-100443,11.9,true,2.1,4.95,5.4,4.2,0.0,0.0,newsletter,single pair
2026-10-06,ES-100444,36.0,false,0.0,4.95,5.4,10.5,0.0,0.0,ig,3-pack
2026-10-06,ES-100445,36.0,false,0.0,4.95,5.4,10.5,0.0,0.0,google,3-pack
2026-10-06,ES-100446,36.0,true,0.0,4.95,5.4,10.5,0.0,0.0,ig,3-pack
2026-10-06,ES-100447,48.0,false,0.0,0.0,5.4,13.0,0.0,0.0,google,gift box
2026-10-06,ES-100448,36.0,false,0.0,4.95,5.4,10.5,0.0,0.0,,3-pack
2026-10-06,ES-100449,14.0,false,0.0,4.95,5.4,4.2,0.0,0.0,newsletter,single pair
2026-10-06,ES-100450,14.0,false,0.0,4.95,5.4,4.2,0.0,0.0,google,single pair
2026-10-06,ES-100451,55.25,true,9.75,0.0,5.4,19.0,2.1,0.0,,6-pack
2026-10-06,ES-100452,65.0,false,0.0,0.0,5.4,19.0,0.0,0.0,google,6-pack
2026-10-07,ES-100453,30.6,true,5.4,4.95,5.4,10.5,0.0,0.0,google,3-pack
2026-10-07,ES-100454,11.9,true,2.1,4.95,5.4,4.2,0.0,0.0,facebook,single pair
2026-10-07,ES-100455,14.0,false,0.0,4.95,5.4,4.2,0.0,0.0,facebook,single pair
2026-10-07,ES-100456,36.0,true,0.0,4.95,5.4,10.5,0.0,0.0,google,3-pack
2026-10-07,ES-100457,36.0,true,0.0,4.95,5.4,10.5,0.0,0.0,tiktok,3-pack
2026-10-07,ES-100458,14.0,false,0.0,4.95,5.4,4.2,0.0,0.0,ig,single pair
2026-10-07,ES-100459,30.6,true,5.4,4.95,5.4,10.5,0.0,0.0,google,3-pack
2026-10-07,ES-100460,36.0,false,0.0,4.95,5.4,10.5,0.0,0.0,google,3-pack
2026-10-07,ES-100461,36.0,true,0.0,4.95,5.4,10.5,0.0,0.0,google,3-pack
2026-10-07,ES-100462,11.9,true,2.1,4.95,5.4,4.2,0.0,0.0,tiktok,single pair
2026-10-07,ES-100463,36.0,false,0.0,4.95,5.4,10.5,0.0,0.0,facebook,3-pack
2026-10-07,ES-100464,11.9,true,2.1,4.95,5.4,4.2,0.0,0.0,,single pair
2026-10-07,ES-100465,36.0,true,0.0,4.95,5.4,10.5,0.0,0.0,,3-pack
2026-10-07,ES-100466,36.0,true,0.0,4.95,5.4,10.5,0.0,0.0,newsletter,3-pack
2026-10-07,ES-100467,30.6,true,5.4,4.95,5.4,10.5,0.0,0.0,,3-pack
2026-10-07,ES-100468,14.0,true,0.0,4.95,5.4,4.2,0.0,0.0,,single pair
2026-10-07,ES-100469,36.0,true,0.0,4.95,5.4,10.5,0.0,0.0,google,3-pack
2026-10-07,ES-100470,65.0,false,0.0,0.0,5.4,19.0,0.0,0.0,newsletter,6-pack
2026-10-07,ES-100471,36.0,false,0.0,4.95,5.4,10.5,0.0,0.0,facebook,3-pack
2026-10-07,ES-100472,11.9,true,2.1,4.95,5.4,4.2,0.0,0.0,google,single pair
2026-10-07,ES-100473,11.9,true,2.1,4.95,5.4,4.2,0.0,0.0,,single pair
2026-10-07,ES-100474,14.0,false,0.0,4.95,5.4,4.2,0.0,0.0,ig,single pair
2026-10-07,ES-100475,36.0,false,0.0,4.95,5.4,10.5,0.0,0.0,facebook,3-pack
2026-10-07,ES-100476,48.0,false,0.0,0.0,5.4,13.0,0.0,48.0,google,gift box
2026-10-07,ES-100477,48.0,false,0.0,0.0,5.4,13.0,0.0,0.0,google,gift box
2026-10-07,ES-100478,48.0,false,0.0,0.0,5.4,13.0,0.0,0.0,google,gift box
2026-10-07,ES-100479,55.25,true,9.75,0.0,5.4,19.0,2.1,0.0,facebook,6-pack
2026-10-07,ES-100480,30.6,true,5.4,4.95,5.4,10.5,0.0,0.0,google,3-pack
2026-10-07,ES-100481,14.0,true,0.0,4.95,5.4,4.2,0.0,0.0,,single pair
2026-10-07,ES-100482,14.0,false,0.0,4.95,5.4,4.2,0.0,0.0,ig,single pair
2026-10-07,ES-100483,48.0,true,0.0,0.0,5.4,13.0,0.0,0.0,facebook,gift box
2026-10-07,ES-100484,14.0,true,0.0,4.95,5.4,4.2,0.0,0.0,facebook,single pair
2026-10-07,ES-100485,36.0,true,0.0,4.95,5.4,10.5,0.0,0.0,facebook,3-pack
2026-10-07,ES-100486,30.6,true,5.4,4.95,5.4,10.5,0.0,0.0,ig,3-pack
2026-10-07,ES-100487,36.0,true,0.0,4.95,5.4,10.5,0.0,0.0,google,3-pack
2026-10-07,ES-100488,14.0,false,0.0,4.95,5.4,4.2,0.0,0.0,facebook,single pair
2026-10-07,ES-100489,55.25,true,9.75,0.0,5.4,19.0,2.1,0.0,google,6-pack
